task,file,accuracy (%),num_questions,output_csv
college_mathematics,college_mathematics_test.csv,34.34,99,college_mathematics_test_lora_output.csv
international_law,international_law_test.csv,59.17,120,international_law_test_lora_output.csv
high_school_government_and_politics,high_school_government_and_politics_test.csv,52.6,192,high_school_government_and_politics_test_lora_output.csv
moral_scenarios,moral_scenarios_test.csv,24.27,894,moral_scenarios_test_lora_output.csv
formal_logic,formal_logic_test.csv,42.4,125,formal_logic_test_lora_output.csv
