task,file,1.5B model,7B model,32B model,API model,num_questions,output_csv
college_mathematics,college_mathematics_test.csv,14.14,39.39,52.53,75.76,99,college_mathematics_test_output.csv
international_law,international_law_test.csv,27.5,54.17,85,90.83,120,international_law_test_output.csv
high_school_government_and_politics,high_school_government_and_politics_test.csv,20.31,48.96,94.79,97.92,192,high_school_government_and_politics_test_output.csv
moral_scenarios,moral_scenarios_test.csv,23.94,28.08,50.56,67.34,894,moral_scenarios_test_output.csv
formal_logic,formal_logic_test.csv,20.8,42.4,63.2,77.6,125,formal_logic_test_output.csv
