task,file,accuracy (%),num_questions,output_csv
college_mathematics,college_mathematics_test.csv,30.3,99,college_mathematics_test_output.csv
international_law,international_law_test.csv,53.33,120,international_law_test_output.csv
high_school_government_and_politics,high_school_government_and_politics_test.csv,42.71,192,high_school_government_and_politics_test_output.csv
moral_scenarios,moral_scenarios_test.csv,26.96,894,moral_scenarios_test_output.csv
formal_logic,formal_logic_test.csv,38.4,125,formal_logic_test_output.csv
